id,identifier,type_id,power,pp,accuracy,priority,target_id,damage_class_id,effect_id,effect_chance,contest_type_id,contest_effect_id,super_contest_effect_id,generation_id,
1,pound,0,40,35,100,0,10,2,1,,5,1,5,1,0
2,karate-chop,1,50,25,100,0,10,2,44,,5,2,5,1,1
3,double-slap,0,15,10,85,0,10,2,30,,5,10,7,1,0
4,comet-punch,0,18,15,85,0,10,2,30,,5,12,7,1,0
5,mega-punch,0,80,20,85,0,10,2,1,,5,1,18,1,0
6,pay-day,0,40,20,100,0,10,2,35,,4,11,23,1,0
7,fire-punch,9,75,15,100,0,10,2,5,10,2,1,17,1,9
8,ice-punch,14,75,15,100,0,10,2,6,10,2,1,17,1,14
9,thunder-punch,12,75,15,100,0,10,2,7,10,1,1,17,1,12
10,scratch,0,40,35,100,0,10,2,1,,5,1,5,1,0
11,vice-grip,0,55,30,100,0,10,2,1,,5,1,5,1,0
12,guillotine,0,,5,30,0,10,2,39,,1,14,9,1,0
13,razor-wind,0,80,10,100,0,11,3,40,,1,2,6,1,0
14,swords-dance,0,,20,,0,7,1,51,,2,32,11,1,0
15,cut,0,50,30,95,0,10,2,1,,1,14,5,1,0
16,gust,2,40,35,100,0,10,3,150,,4,21,5,1,2
17,wing-attack,2,60,35,100,0,10,2,1,,1,12,5,1,2
18,whirlwind,0,,20,,-6,10,1,29,,4,21,9,1,0
19,fly,2,90,15,95,0,10,2,156,,4,15,6,1,2
20,bind,0,15,20,85,0,10,2,43,100,5,24,21,1,0
21,slam,0,80,20,75,0,10,2,1,,5,23,5,1,0
22,vine-whip,11,45,25,100,0,10,2,1,,1,1,5,1,11
23,stomp,0,65,20,100,0,10,2,151,30,5,4,5,1,0
24,double-kick,1,30,30,100,0,10,2,45,,1,12,7,1,1
25,mega-kick,0,120,5,75,0,10,2,1,,1,1,18,1,0
26,jump-kick,1,100,10,95,0,10,2,46,,1,3,5,1,1
27,rolling-kick,1,60,15,85,0,10,2,32,30,1,5,5,1,1
28,sand-attack,4,,15,100,0,10,1,24,,3,10,19,1,4
29,headbutt,0,70,15,100,0,10,2,32,30,5,9,5,1,0
30,horn-attack,0,65,25,100,0,10,2,1,,1,1,5,1,0
31,fury-attack,0,15,20,85,0,10,2,30,,1,10,7,1,0
32,horn-drill,0,,5,30,0,10,2,39,,1,14,9,1,0
33,tackle,0,40,35,100,0,10,2,1,,5,1,5,1,0
34,body-slam,0,85,15,100,0,10,2,7,30,5,4,5,1,0
35,wrap,0,15,20,90,0,10,2,43,100,5,24,21,1,0
36,take-down,0,90,20,85,0,10,2,49,,5,3,5,1,0
37,thrash,0,120,10,100,0,8,2,28,,5,6,7,1,0
38,double-edge,0,120,15,100,0,10,2,199,,5,3,9,1,0
39,tail-whip,0,,30,100,0,11,1,20,,3,28,19,1,0
40,poison-sting,3,15,35,100,0,10,2,3,30,4,9,19,1,3
41,twineedle,6,25,20,100,0,10,2,78,20,1,9,7,1,6
42,pin-missile,6,25,20,95,0,10,2,30,,1,10,7,1,6
43,leer,0,,30,100,0,11,1,20,100,1,24,19,1,0
44,bite,16,60,25,100,0,10,2,32,30,5,5,5,1,16
45,growl,0,,40,100,0,11,1,19,,3,28,19,1,0
46,roar,0,,20,,-6,10,1,29,,1,21,19,1,0
47,sing,0,,15,55,0,10,1,2,,3,18,19,1,0
48,supersonic,0,,20,55,0,10,1,50,,4,21,19,1,0
49,sonic-boom,0,,20,90,0,10,3,131,,1,12,5,1,0
50,disable,0,,20,100,0,10,1,87,,4,18,19,1,0
51,acid,3,40,30,100,0,11,3,73,10,4,4,5,1,3
52,ember,9,40,25,100,0,10,3,5,10,2,1,5,1,9
53,flamethrower,9,90,15,100,0,10,3,5,10,2,1,17,1,9
54,mist,14,,30,,0,4,1,47,,2,15,13,1,14
55,water-gun,10,40,25,100,0,10,3,1,,3,1,5,1,10
56,hydro-pump,10,110,5,80,0,10,3,1,,2,1,17,1,10
57,surf,10,90,15,100,0,9,3,258,,2,2,17,1,10
58,ice-beam,14,90,10,100,0,10,3,6,10,2,23,17,1,14
59,blizzard,14,110,5,70,0,11,3,261,10,2,1,17,1,14
60,psybeam,13,65,20,100,0,10,3,77,10,2,21,17,1,13
61,bubble-beam,10,65,20,100,0,10,3,71,10,2,5,2,1,10
62,aurora-beam,14,65,20,100,0,10,3,69,10,2,23,17,1,14
63,hyper-beam,0,150,5,90,0,10,3,81,,1,6,22,1,0
64,peck,2,35,35,100,0,10,2,1,,1,1,5,1,2
65,drill-peck,2,80,20,100,0,10,2,1,,1,1,5,1,2
66,submission,1,80,20,80,0,10,2,49,,1,3,5,1,1
67,low-kick,1,,20,100,0,10,2,197,,5,4,5,1,1
68,counter,1,,20,100,-5,1,2,90,,5,16,15,1,1
69,seismic-toss,1,,20,100,0,10,2,88,,5,23,5,1,1
70,strength,0,80,15,100,0,10,2,1,,5,23,5,1,0
71,absorb,11,20,25,100,0,10,3,4,,4,9,20,1,11
72,mega-drain,11,40,15,100,0,10,3,4,,4,4,20,1,11
73,leech-seed,11,,10,90,0,10,1,85,,4,8,21,1,11
74,growth,0,,20,,0,7,1,317,,2,32,11,1,0
75,razor-leaf,11,55,25,95,0,11,2,44,,1,2,5,1,11
76,solar-beam,11,120,10,100,0,10,3,152,,1,1,6,1,11
77,poison-powder,3,,35,75,0,10,1,67,,4,33,19,1,3
78,stun-spore,11,,30,75,0,10,1,68,,4,14,19,1,11
79,sleep-powder,11,,15,75,0,10,1,2,,4,5,19,1,11
80,petal-dance,11,120,10,100,0,8,3,28,,2,6,21,1,11
81,string-shot,6,,40,95,0,11,1,61,,4,9,19,1,6
82,dragon-rage,15,,10,100,0,10,3,42,,1,26,5,1,15
83,fire-spin,9,35,15,85,0,10,3,43,100,2,24,21,1,9
84,thunder-shock,12,40,30,100,0,10,3,7,10,1,1,5,1,12
85,thunderbolt,12,90,15,100,0,10,3,7,10,1,1,17,1,12
86,thunder-wave,12,,20,90,0,10,1,68,,1,14,19,1,12
87,thunder,12,110,10,70,0,10,3,153,30,1,8,17,1,12
88,rock-throw,5,50,15,90,0,10,2,1,,5,12,5,1,5
89,earthquake,4,100,10,100,0,9,2,148,,5,5,18,1,4
90,fissure,4,,5,30,0,10,2,39,,5,14,9,1,4
91,dig,4,80,10,100,0,10,2,257,,4,15,6,1,4
92,toxic,3,,10,90,0,10,1,34,,4,33,19,1,3
93,confusion,13,50,25,100,0,10,3,77,10,4,9,5,1,13
94,psychic,13,90,10,100,0,10,3,73,10,4,5,17,1,13
95,hypnosis,13,,20,60,0,10,1,2,,4,5,19,1,13
96,meditate,13,,40,,0,7,1,11,,2,32,11,1,13
97,agility,13,,30,,0,7,1,53,,1,30,1,1,13
98,quick-attack,0,40,30,100,1,10,2,104,,1,30,1,1,0
99,rage,0,20,20,100,0,10,2,82,,1,17,11,1,0
100,teleport,13,,20,,0,7,1,154,,1,15,1,1,13
101,night-shade,7,,15,100,0,10,3,88,,4,23,5,1,7
102,mimic,0,,10,,0,10,1,83,,3,19,12,1,0
103,screech,0,,40,85,0,10,1,60,,4,5,10,1,0
104,double-team,0,,15,,0,7,1,17,,1,16,1,1,0
105,recover,0,,10,,0,7,1,33,,4,23,8,1,0
106,harden,0,,30,,0,7,1,12,,5,16,13,1,0
107,minimize,0,,10,,0,7,1,109,,3,16,13,1,0
108,smokescreen,0,,20,100,0,10,1,24,,4,22,10,1,0
109,confuse-ray,7,,10,100,0,10,1,50,,4,21,10,1,7
110,withdraw,10,,40,,0,7,1,12,,3,15,13,1,10
111,defense-curl,0,,40,,0,7,1,157,,3,16,13,1,0
112,barrier,13,,20,,0,7,1,52,,1,15,13,1,13
113,light-screen,13,,30,,0,4,1,36,,2,15,13,1,13
114,haze,14,,30,,0,12,1,26,,2,33,13,1,14
115,reflect,13,,20,,0,4,1,66,,4,15,13,1,13
116,focus-energy,0,,30,,0,7,1,48,,1,5,11,1,0
117,bide,0,,10,,1,7,2,27,,5,15,15,1,0
118,metronome,0,,10,,0,7,1,84,,3,17,14,1,0
119,mirror-move,2,,20,,0,10,1,10,,4,19,15,1,2
120,self-destruct,0,200,5,100,0,9,2,8,,2,7,9,1,0
121,egg-bomb,0,100,10,75,0,10,2,1,,5,1,5,1,0
122,lick,7,30,30,100,0,10,2,7,30,5,4,16,1,7
123,smog,3,30,20,70,0,10,3,3,40,5,5,5,1,3
124,sludge,3,65,20,100,0,10,3,3,30,5,4,18,1,3
125,bone-club,4,65,20,85,0,10,2,32,10,5,10,5,1,4
126,fire-blast,9,110,5,85,0,10,3,5,10,2,1,17,1,9
127,waterfall,10,80,15,100,0,10,2,32,20,5,28,5,1,10
128,clamp,10,35,15,85,0,10,2,43,100,5,24,5,1,10
129,swift,0,60,20,,0,11,3,18,,1,27,17,1,0
130,skull-bash,0,130,10,100,0,10,2,146,100,5,4,6,1,0
131,spike-cannon,0,20,15,100,0,10,2,30,,1,10,7,1,0
132,constrict,0,10,35,100,0,10,2,71,10,5,9,21,1,0
133,amnesia,13,,20,,0,7,1,55,,3,32,11,1,13
134,kinesis,13,,15,80,0,10,1,24,,4,24,11,1,13
135,soft-boiled,0,,10,,0,7,1,33,,2,1,8,1,0
136,high-jump-kick,1,130,10,90,0,10,2,46,,1,3,5,1,1
137,glare,0,,30,100,0,10,1,68,,5,5,19,1,0
138,dream-eater,13,100,15,100,0,10,3,9,,4,8,20,1,13
139,poison-gas,3,,40,90,0,11,1,67,,4,33,5,1,3
140,barrage,0,15,20,85,0,10,2,30,,5,12,7,1,0
141,leech-life,6,80,10,100,0,10,2,4,,4,9,20,1,6
142,lovely-kiss,0,,10,75,0,10,1,2,,2,5,19,1,0
143,sky-attack,2,140,5,90,0,10,2,76,30,1,2,6,1,2
144,transform,0,,10,,0,10,1,58,,4,17,23,1,0
145,bubble,10,40,30,100,0,11,3,71,10,3,8,2,1,10
146,dizzy-punch,0,70,10,100,0,10,2,77,20,1,4,16,1,0
147,spore,11,,15,100,0,10,1,2,,2,5,10,1,11
148,flash,0,,20,100,0,10,1,24,,2,22,10,1,0
149,psywave,13,,15,100,0,10,3,89,,4,14,5,1,13
150,splash,0,,40,,0,7,1,86,,3,28,16,1,0
151,acid-armor,3,,20,,0,7,1,52,,5,32,11,1,3
152,crabhammer,10,100,10,90,0,10,2,44,,5,2,18,1,10
153,explosion,0,250,5,100,0,9,2,8,,2,7,9,1,0
154,fury-swipes,0,18,15,80,0,10,2,30,,5,10,7,1,0
155,bonemerang,4,50,10,90,0,10,2,45,,5,1,7,1,4
156,rest,13,,10,,0,7,1,38,,3,16,8,1,13
157,rock-slide,5,75,10,90,0,11,2,32,30,5,5,5,1,5
158,hyper-fang,0,80,15,90,0,10,2,32,10,1,4,18,1,0
159,sharpen,0,,30,,0,7,1,11,,3,32,11,1,0
160,conversion,0,,30,,0,7,1,31,,2,12,23,1,0
161,tri-attack,0,80,10,100,0,10,3,37,20,2,8,5,1,0
162,super-fang,0,,10,90,0,10,2,41,,5,14,5,1,0
163,slash,0,70,20,100,0,10,2,44,,1,2,5,1,0
164,substitute,0,,10,,0,7,1,80,,4,16,23,1,0
165,struggle,0,50,1,,0,8,2,255,,1,1,5,1,0
166,sketch,0,,1,,0,10,1,96,,4,19,23,2,0
167,triple-kick,1,10,10,90,0,10,2,105,,1,1,7,2,1
168,thief,16,60,25,100,0,10,2,106,,5,20,12,2,16
169,spider-web,6,,10,,0,10,1,107,,4,18,13,2,6
170,mind-reader,0,,5,,0,10,1,95,,4,24,20,2,0
171,nightmare,7,,15,100,0,10,1,108,,4,5,19,2,7
172,flame-wheel,9,60,25,100,0,10,2,126,10,2,1,7,2,9
173,snore,0,50,15,100,0,10,3,93,30,3,1,5,2,0
174,curse,7,,10,,0,1,1,110,,5,31,21,2,7
175,flail,0,,15,100,0,10,2,100,,3,26,15,2,0
176,conversion-2,0,,30,,0,10,1,94,,2,12,23,2,0
177,aeroblast,2,100,5,95,0,10,3,44,,1,2,22,2,2
178,cotton-spore,11,,40,100,0,11,1,61,,2,10,1,2,11
179,reversal,1,,15,100,0,10,2,100,,1,28,15,2,1
180,spite,7,,10,100,0,10,1,101,,5,26,19,2,7
181,powder-snow,14,40,25,100,0,11,3,6,10,2,1,5,2,14
182,protect,0,,10,,4,7,1,112,,3,15,16,2,0
183,mach-punch,1,40,30,100,1,10,2,104,,1,30,1,2,1
184,scary-face,0,,10,100,0,10,1,61,,5,10,2,2,0
185,feint-attack,16,60,20,,0,10,2,18,,4,27,18,2,16
186,sweet-kiss,17,,10,75,0,10,1,50,,3,18,19,2,17
187,belly-drum,0,,10,,0,7,1,143,,3,32,11,2,0
188,sludge-bomb,3,90,10,100,0,10,3,3,30,5,10,18,2,3
189,mud-slap,4,20,10,100,0,10,3,74,100,3,10,5,2,4
190,octazooka,10,65,10,85,0,10,3,74,50,5,10,4,2,10
191,spikes,4,,20,,0,6,1,113,,4,18,13,2,4
192,zap-cannon,12,120,5,50,0,10,3,7,100,1,1,4,2,12
193,foresight,0,,40,,0,10,1,114,,4,33,20,2,0
194,destiny-bond,7,,5,,0,7,1,99,,4,7,9,2,7
195,perish-song,0,,5,,0,14,1,115,,2,14,10,2,0
196,icy-wind,14,55,15,95,0,11,3,71,100,2,5,2,2,14
197,detect,1,,5,,4,7,1,112,,1,16,16,2,1
198,bone-rush,4,25,10,90,0,10,2,30,,5,1,7,2,4
199,lock-on,0,,5,,0,10,1,95,,4,24,20,2,0
200,outrage,15,120,10,100,0,8,2,28,,1,6,7,2,15
201,sandstorm,5,,10,,0,12,1,116,,5,21,13,2,5
202,giga-drain,11,75,10,100,0,10,3,4,,4,10,20,2,11
203,endure,0,,10,,4,7,1,117,,5,16,13,2,0
204,charm,17,,20,100,0,10,1,59,,3,23,19,2,17
205,rollout,5,30,20,90,0,10,2,118,,5,24,7,2,5
206,false-swipe,0,40,40,100,0,10,2,102,,1,5,16,2,0
207,swagger,0,,15,85,0,10,1,119,,3,27,19,2,0
208,milk-drink,0,,10,,0,7,1,33,,3,12,8,2,0
209,spark,12,65,20,100,0,10,2,7,30,1,4,5,2,12
210,fury-cutter,6,40,20,95,0,10,2,120,,1,17,7,2,6
211,steel-wing,8,70,25,90,0,10,2,139,10,1,12,5,2,8
212,mean-look,0,,5,,0,10,1,107,,2,18,10,2,0
213,attract,0,,15,100,0,10,1,121,,3,18,19,2,0
214,sleep-talk,0,,10,,0,7,1,98,,3,17,5,2,0
215,heal-bell,0,,5,,0,13,1,103,,2,28,8,2,0
216,return,0,,20,100,0,10,2,122,,3,13,17,2,0
217,present,0,,15,90,0,10,2,123,,3,17,16,2,0
218,frustration,0,,20,100,0,10,2,124,,3,13,18,2,0
219,safeguard,0,,25,,0,4,1,125,,2,15,13,2,0
220,pain-split,0,,20,,0,10,1,92,,4,4,10,2,0
221,sacred-fire,9,100,5,95,0,10,2,126,50,2,1,22,2,9
222,magnitude,4,,30,100,0,9,2,127,,5,11,18,2,4
223,dynamic-punch,1,100,5,50,0,10,2,77,100,1,10,18,2,1
224,megahorn,6,120,10,85,0,10,2,1,,1,12,18,2,6
225,dragon-breath,15,60,20,100,0,10,3,7,30,1,5,17,2,15
226,baton-pass,0,,40,,0,7,1,128,,3,18,16,2,0
227,encore,0,,5,100,0,10,1,91,,3,18,20,2,0
228,pursuit,16,40,20,100,0,10,2,129,,4,14,20,2,16
229,rapid-spin,0,20,40,100,0,10,2,130,,1,16,17,2,0
230,sweet-scent,0,,20,100,0,11,1,25,,3,5,19,2,0
231,iron-tail,8,100,15,75,0,10,2,70,30,1,4,18,2,8
232,metal-claw,8,50,35,95,0,10,2,140,10,1,1,18,2,8
233,vital-throw,1,70,10,,-1,10,2,79,,1,31,2,2,1
234,morning-sun,0,,5,,0,7,1,133,,2,25,8,2,0
235,synthesis,11,,5,,0,7,1,133,,4,25,8,2,11
236,moonlight,17,,5,,0,7,1,133,,2,25,8,2,17
237,hidden-power,0,60,15,100,0,10,3,136,,4,17,23,2,0
238,cross-chop,1,100,5,80,0,10,2,44,,1,2,18,2,1
239,twister,15,40,20,100,0,11,3,147,20,1,21,5,2,15
240,rain-dance,10,,5,,0,12,1,137,,5,11,13,2,10
241,sunny-day,9,,5,,0,12,1,138,,2,11,13,2,9
242,crunch,16,80,15,100,0,10,2,70,20,5,4,18,2,16
243,mirror-coat,13,,20,100,-5,1,3,145,,2,16,15,2,13
244,psych-up,0,,10,,0,10,1,144,,4,12,11,2,0
245,extreme-speed,0,80,5,100,2,10,2,104,,1,30,1,2,0
246,ancient-power,5,60,5,100,0,10,3,141,10,5,32,18,2,5
247,shadow-ball,7,80,15,100,0,10,3,73,20,4,22,17,2,7
248,future-sight,13,120,10,100,0,10,3,149,,4,24,17,2,13
249,rock-smash,1,40,15,100,0,10,2,70,50,5,29,18,2,1
250,whirlpool,10,35,15,85,0,10,3,262,100,2,24,21,2,10
251,beat-up,16,,10,100,0,10,2,155,,4,14,7,2,16
252,fake-out,0,40,10,100,3,10,2,159,100,3,23,17,3,0
253,uproar,0,90,10,100,0,8,3,160,,3,21,10,3,0
254,stockpile,0,,20,,0,7,1,161,,5,16,11,3,0
255,spit-up,0,,10,100,0,10,3,162,,5,1,18,3,0
256,swallow,0,,10,,0,7,1,163,,5,32,8,3,0
257,heat-wave,9,95,10,90,0,11,3,5,10,2,1,17,3,9
258,hail,14,,10,,0,12,1,165,,2,5,13,3,14
259,torment,16,,15,100,0,10,1,166,,5,18,16,3,16
260,flatter,16,,15,100,0,10,1,167,,4,18,19,3,16
261,will-o-wisp,9,,15,85,0,10,1,168,,2,4,17,3,9
262,memento,16,,10,100,0,10,1,169,,5,7,9,3,16
263,facade,0,70,20,100,0,10,2,170,,3,28,15,3,0
264,focus-punch,1,150,20,100,-3,10,2,171,,5,31,6,3,1
265,smelling-salts,0,70,10,100,0,10,2,172,,4,9,16,3,0
266,follow-me,0,,20,,2,7,1,173,,3,24,14,3,0
267,nature-power,0,,20,,0,10,1,174,,2,11,14,3,0
268,charge,12,,20,,0,7,1,175,,4,12,11,3,12
269,taunt,16,,20,100,0,10,1,176,,4,18,16,3,16
270,helping-hand,0,,20,,5,3,1,177,,4,18,20,3,0
271,trick,13,,10,100,0,10,1,178,,4,12,12,3,13
272,role-play,13,,10,,0,10,1,179,,3,20,23,3,13
273,wish,0,,10,,0,7,1,180,,3,24,8,3,0
274,assist,0,,20,,0,7,1,181,,3,25,14,3,0
275,ingrain,11,,20,,0,7,1,182,,4,15,21,3,11
276,superpower,1,120,5,100,0,10,2,183,100,5,3,18,3,1
277,magic-coat,13,,15,,4,7,1,184,,2,15,15,3,13
278,recycle,0,,10,,0,7,1,185,,4,17,12,3,0
279,revenge,1,60,10,100,-4,10,2,186,,5,31,15,3,1
280,brick-break,1,75,15,100,0,10,2,187,,1,4,5,3,1
281,yawn,0,,10,,0,10,1,188,,3,18,19,3,0
282,knock-off,16,65,20,100,0,10,2,189,,4,4,5,3,16
283,endeavor,0,,5,100,0,10,2,190,,5,28,15,3,0
284,eruption,9,150,5,100,0,11,3,191,,2,26,18,3,9
285,skill-swap,13,,10,,0,10,1,192,,4,20,12,3,13
286,imprison,13,,10,,0,7,1,193,,4,33,20,3,13
287,refresh,0,,20,,0,7,1,194,,3,32,8,3,0
288,grudge,7,,5,,0,7,1,195,,5,26,10,3,7
289,snatch,16,,10,,4,7,1,196,,4,14,12,3,16
290,secret-power,0,70,20,100,0,10,2,198,30,4,29,14,3,0
291,dive,10,80,10,100,0,10,2,256,,2,16,6,3,10
292,arm-thrust,1,15,20,100,0,10,2,30,,5,10,7,3,1
293,camouflage,0,,20,,0,7,1,214,,4,2,13,3,0
294,tail-glow,6,,20,,0,7,1,322,,2,32,11,3,6
295,luster-purge,13,70,5,100,0,10,3,73,50,4,9,22,3,13
296,mist-ball,13,70,5,100,0,10,3,72,50,4,4,22,3,13
297,feather-dance,2,,15,100,0,10,1,59,,2,28,19,3,2
298,teeter-dance,0,,20,100,0,9,1,200,,3,6,14,3,0
299,blaze-kick,9,85,10,90,0,10,2,201,10,2,1,17,3,9
300,mud-sport,4,,15,,0,12,1,202,,3,1,13,3,4
301,ice-ball,14,30,20,90,0,10,2,118,,2,24,7,3,14
302,needle-arm,11,60,15,100,0,10,2,32,30,4,4,5,3,11
303,slack-off,0,,10,,0,7,1,33,,3,26,8,3,0
304,hyper-voice,0,90,10,100,0,11,3,1,,1,5,5,3,0
305,poison-fang,3,50,15,100,0,10,2,203,50,4,33,4,3,3
306,crush-claw,0,75,10,95,0,10,2,70,50,1,4,5,3,0
307,blast-burn,9,150,5,90,0,10,3,81,,2,6,22,3,9
308,hydro-cannon,10,150,5,90,0,10,3,81,,2,6,22,3,10
309,meteor-mash,8,90,10,90,0,10,2,140,20,1,12,18,3,8
310,astonish,7,30,15,100,0,10,2,32,30,4,9,5,3,7
311,weather-ball,0,50,10,100,0,10,3,204,,4,1,4,3,0
312,aromatherapy,11,,5,,0,13,1,103,,4,28,8,3,11
313,fake-tears,16,,20,100,0,10,1,63,,4,28,19,3,16
314,air-cutter,2,60,25,95,0,11,3,44,,1,23,5,3,2
315,overheat,9,130,5,90,0,10,3,205,100,2,3,22,3,9
316,odor-sleuth,0,,40,,0,10,1,114,,4,33,20,3,0
317,rock-tomb,5,60,15,95,0,10,2,71,100,4,24,2,3,5
318,silver-wind,6,60,5,100,0,10,3,141,10,2,32,4,3,6
319,metal-sound,8,,40,85,0,10,1,63,,4,5,10,3,8
320,grass-whistle,11,,15,55,0,10,1,2,,4,5,19,3,11
321,tickle,0,,20,100,0,10,1,206,,3,33,19,3,0
322,cosmic-power,13,,20,,0,7,1,207,,1,32,11,3,13
323,water-spout,10,150,5,100,0,11,3,191,,2,26,22,3,10
324,signal-beam,6,75,15,100,0,10,3,77,10,2,21,4,3,6
325,shadow-punch,7,60,20,,0,10,2,18,,4,27,17,3,7
326,extrasensory,13,80,20,100,0,10,3,32,10,1,4,17,3,13
327,sky-uppercut,1,85,15,90,0,10,2,208,,1,23,17,3,1
328,sand-tomb,4,35,15,85,0,10,2,43,100,4,24,21,3,4
329,sheer-cold,14,,5,30,0,10,3,39,,2,14,9,3,14
330,muddy-water,10,90,10,85,0,11,3,74,30,5,10,18,3,10
331,bullet-seed,11,25,30,100,0,10,2,30,,1,14,7,3,11
332,aerial-ace,2,60,20,,0,10,2,18,,1,27,17,3,2
333,icicle-spear,14,25,30,100,0,10,2,30,,2,23,7,3,14
334,iron-defense,8,,15,,0,7,1,52,,5,15,13,3,8
335,block,0,,5,,0,10,1,107,,3,18,13,3,0
336,howl,0,,40,,0,7,1,11,,1,32,11,3,0
337,dragon-claw,15,80,15,100,0,10,2,1,,1,23,17,3,15
338,frenzy-plant,11,150,5,90,0,10,3,81,,1,6,22,3,11
339,bulk-up,1,,20,,0,7,1,209,,2,32,11,3,1
340,bounce,2,85,5,85,0,10,2,264,30,3,15,6,3,2
341,mud-shot,4,55,15,95,0,10,3,71,100,5,5,2,3,4
342,poison-tail,3,50,25,100,0,10,2,210,10,4,33,4,3,3
343,covet,0,60,25,100,0,10,2,106,,3,20,12,3,0
344,volt-tackle,12,120,15,100,0,10,2,263,10,1,3,22,3,12
345,magical-leaf,11,60,20,,0,10,3,18,,2,27,17,3,11
346,water-sport,10,,15,,0,12,1,211,,3,1,13,3,10
347,calm-mind,13,,20,,0,7,1,212,,4,16,11,3,13
348,leaf-blade,11,90,15,100,0,10,2,44,,1,2,17,3,11
349,dragon-dance,15,,20,,0,7,1,213,,1,32,11,3,15
350,rock-blast,5,25,10,90,0,10,2,30,,5,12,7,3,5
351,shock-wave,12,60,20,,0,10,3,18,,1,27,17,3,12
352,water-pulse,10,60,20,100,0,10,3,77,20,2,21,17,3,10
353,doom-desire,8,140,5,100,0,10,3,149,,1,24,17,3,8
354,psycho-boost,13,140,5,90,0,10,3,205,100,4,3,22,3,13
355,roost,2,,10,,0,7,1,215,,1,,8,4,2
356,gravity,13,,5,,0,12,1,216,,2,,13,4,13
357,miracle-eye,13,,40,,0,10,1,217,,3,,20,4,13
358,wake-up-slap,1,70,10,100,0,10,2,218,,4,,16,4,1
359,hammer-arm,1,100,10,90,0,10,2,219,100,1,,2,4,1
360,gyro-ball,8,,5,100,0,10,2,220,,2,,15,4,8
361,healing-wish,13,,10,,0,7,1,221,,3,,8,4,13
362,brine,10,65,10,100,0,10,3,222,,4,,4,4,10
363,natural-gift,0,,15,100,0,10,2,223,,1,,18,4,0
364,feint,0,30,10,100,2,10,2,224,,2,,16,4,0
365,pluck,2,60,20,100,0,10,2,225,,3,,12,4,2
366,tailwind,2,,15,,0,4,1,226,,4,,1,4,2
367,acupressure,0,,30,,0,5,1,227,,1,,11,4,0
368,metal-burst,8,,10,100,0,1,2,228,,2,,15,4,8
369,u-turn,6,70,20,100,0,10,2,229,,3,,16,4,6
370,close-combat,1,120,5,100,0,10,2,230,100,4,,22,4,1
371,payback,16,50,10,100,0,10,2,231,,1,,6,4,16
372,assurance,16,60,10,100,0,10,2,232,,2,,15,4,16
373,embargo,16,,15,100,0,10,1,233,,3,,13,4,16
374,fling,16,,10,100,0,10,2,234,,5,,23,4,16
375,psycho-shift,13,,10,100,0,10,1,235,,1,,16,4,13
376,trump-card,0,,5,,0,10,3,236,,1,,21,4,0
377,heal-block,13,,15,100,0,11,1,237,,3,,13,4,13
378,wring-out,0,,5,100,0,10,3,238,,4,,22,4,0
379,power-trick,13,,10,,0,7,1,239,,1,,16,4,13
380,gastro-acid,3,,10,100,0,10,1,240,,2,,13,4,3
381,lucky-chant,0,,30,,0,4,1,241,,3,,13,4,0
382,me-first,0,,20,,0,2,1,242,,3,,1,4,0
383,copycat,0,,20,,0,7,1,243,,1,,12,4,0
384,power-swap,13,,10,,0,10,1,244,,2,,16,4,13
385,guard-swap,13,,10,,0,10,1,245,,3,,16,4,13
386,punishment,16,,5,100,0,10,2,246,,4,,23,4,16
387,last-resort,0,140,5,100,0,10,2,247,,3,,21,4,0
388,worry-seed,11,,10,100,0,10,1,248,,2,,19,4,11
389,sucker-punch,16,70,5,100,1,10,2,249,,4,,1,4,16
390,toxic-spikes,3,,20,,0,6,1,250,,4,,13,4,3
391,heart-swap,13,,10,,0,10,1,251,,1,,16,4,13
392,aqua-ring,10,,20,,0,7,1,252,,2,,8,4,10
393,magnet-rise,12,,10,,0,7,1,253,,3,,13,4,12
394,flare-blitz,9,120,15,100,0,10,2,254,10,4,,22,4,9
395,force-palm,1,60,10,100,0,10,2,7,30,1,,18,4,1
396,aura-sphere,1,80,20,,0,10,3,18,,2,,17,4,1
397,rock-polish,5,,20,,0,7,1,53,,5,,1,4,5
398,poison-jab,3,80,20,100,0,10,2,3,30,4,,4,4,3
399,dark-pulse,16,80,15,100,0,10,3,32,20,1,,17,4,16
400,night-slash,16,70,15,100,0,10,2,44,,2,,5,4,16
401,aqua-tail,10,90,10,90,0,10,2,1,,3,,5,4,10
402,seed-bomb,11,80,15,100,0,10,2,1,,4,,5,4,11
403,air-slash,2,75,15,95,0,10,3,32,30,1,,17,4,2
404,x-scissor,6,80,15,100,0,10,2,1,,2,,17,4,6
405,bug-buzz,6,90,10,100,0,10,3,73,10,3,,4,4,6
406,dragon-pulse,15,85,10,100,0,10,3,1,,4,,4,4,15
407,dragon-rush,15,100,10,75,0,10,2,32,20,1,,18,4,15
408,power-gem,5,80,20,100,0,10,3,1,,2,,5,4,5
409,drain-punch,1,75,10,100,0,10,2,4,,2,,20,4,1
410,vacuum-wave,1,40,30,100,1,10,3,104,,4,,1,4,1
411,focus-blast,1,120,5,70,0,10,3,73,10,1,,17,4,1
412,energy-ball,11,90,10,100,0,10,3,73,10,2,,17,4,11
413,brave-bird,2,120,15,100,0,10,2,199,,3,,18,4,2
414,earth-power,4,90,10,100,0,10,3,73,10,4,,18,4,4
415,switcheroo,16,,10,100,0,10,1,178,,1,,12,4,16
416,giga-impact,0,150,5,90,0,10,2,81,,2,,22,4,0
417,nasty-plot,16,,20,,0,7,1,54,,3,,11,4,16
418,bullet-punch,8,40,30,100,1,10,2,104,,4,,1,4,8
419,avalanche,14,60,10,100,-4,10,2,186,,1,,15,4,14
420,ice-shard,14,40,30,100,1,10,2,104,,2,,1,4,14
421,shadow-claw,7,70,15,100,0,10,2,44,,3,,17,4,7
422,thunder-fang,12,65,15,95,0,10,2,276,10,4,,5,4,12
423,ice-fang,14,65,15,95,0,10,2,275,10,1,,5,4,14
424,fire-fang,9,65,15,95,0,10,2,274,10,2,,5,4,9
425,shadow-sneak,7,40,30,100,1,10,2,104,,4,,1,4,7
426,mud-bomb,4,65,10,85,0,10,3,74,30,4,,18,4,4
427,psycho-cut,13,70,20,100,0,10,2,44,,1,,17,4,13
428,zen-headbutt,13,80,15,90,0,10,2,32,20,2,,18,4,13
429,mirror-shot,8,65,10,85,0,10,3,74,30,3,,17,4,8
430,flash-cannon,8,80,10,100,0,10,3,73,10,4,,17,4,8
431,rock-climb,0,90,20,85,0,10,2,77,20,1,,18,4,0
432,defog,2,,15,,0,10,1,259,,2,,13,4,2
433,trick-room,13,,5,,-7,12,1,260,,3,,14,4,13
434,draco-meteor,15,130,5,90,0,10,3,205,100,4,,22,4,15
435,discharge,12,80,15,100,0,9,3,7,30,1,,17,4,12
436,lava-plume,9,80,15,100,0,9,3,5,30,5,,17,4,9
437,leaf-storm,11,130,5,90,0,10,3,205,100,3,,22,4,11
438,power-whip,11,120,10,85,0,10,2,1,,2,,5,4,11
439,rock-wrecker,5,150,5,90,0,10,2,81,,5,,22,4,5
440,cross-poison,3,70,20,100,0,10,2,210,10,1,,5,4,3
441,gunk-shot,3,120,5,80,0,10,2,3,30,1,,5,4,3
442,iron-head,8,80,15,100,0,10,2,32,30,5,,18,4,8
443,magnet-bomb,8,60,20,,0,10,2,18,,1,,5,4,8
444,stone-edge,5,100,5,80,0,10,2,44,,5,,4,4,5
445,captivate,0,,20,100,0,11,1,266,,2,,19,4,0
446,stealth-rock,5,,20,,0,6,1,267,,1,,13,4,5
447,grass-knot,11,,20,100,0,10,3,197,,4,,4,4,11
448,chatter,2,65,20,100,0,10,3,268,100,4,,23,4,2
449,judgment,0,100,10,100,0,10,3,269,,4,,14,4,0
450,bug-bite,6,60,20,100,0,10,2,225,,5,,12,4,6
451,charge-beam,12,50,10,90,0,10,3,277,70,2,,17,4,12
452,wood-hammer,11,120,15,100,0,10,2,199,,5,,18,4,11
453,aqua-jet,10,40,20,100,1,10,2,104,,2,,1,4,10
454,attack-order,6,90,15,100,0,10,2,44,,4,,4,4,6
455,defend-order,6,,10,,0,7,1,207,,4,,11,4,6
456,heal-order,6,,10,,0,7,1,33,,4,,8,4,6
457,head-smash,5,150,5,80,0,10,2,270,,5,,22,4,5
458,double-hit,0,35,10,90,0,10,2,45,,4,,7,4,0
459,roar-of-time,15,150,5,90,0,10,3,81,,1,,22,4,15
460,spacial-rend,15,100,5,95,0,10,3,44,,5,,4,4,15
461,lunar-dance,13,,10,,0,7,1,271,,2,,8,4,13
462,crush-grip,0,,5,100,0,10,2,238,,5,,15,4,0
463,magma-storm,9,100,5,75,0,10,3,43,100,5,,7,4,9
464,dark-void,16,,10,50,0,11,1,2,,4,,19,4,16
465,seed-flare,11,120,5,85,0,10,3,272,40,1,,22,4,11
466,ominous-wind,7,60,5,100,0,10,3,141,10,4,,11,4,7
467,shadow-force,7,120,5,100,0,10,2,273,,4,,22,4,7
468,hone-claws,16,,15,,0,7,1,278,,,,,5,16
469,wide-guard,5,,10,,3,4,1,279,,,,,5,5
470,guard-split,13,,10,,0,10,1,280,,,,,5,13
471,power-split,13,,10,,0,10,1,281,,,,,5,13
472,wonder-room,13,,10,,0,12,1,282,,,,,5,13
473,psyshock,13,80,10,100,0,10,3,283,,,,,5,13
474,venoshock,3,65,10,100,0,10,3,284,,,,,5,3
475,autotomize,8,,15,,0,7,1,285,,,,,5,8
476,rage-powder,6,,20,,2,7,1,173,,,,,5,6
477,telekinesis,13,,15,,0,10,1,286,,,,,5,13
478,magic-room,13,,10,,0,12,1,287,,,,,5,13
479,smack-down,5,50,15,100,0,10,2,288,100,,,,5,5
480,storm-throw,1,60,10,100,0,10,2,289,,,,,5,1
481,flame-burst,9,70,15,100,0,10,3,290,,,,,5,9
482,sludge-wave,3,95,10,100,0,9,3,3,10,,,,5,3
483,quiver-dance,6,,20,,0,7,1,291,,,,,5,6
484,heavy-slam,8,,10,100,0,10,2,292,,,,,5,8
485,synchronoise,13,120,10,100,0,9,3,293,,,,,5,13
486,electro-ball,12,,10,100,0,10,3,294,,,,,5,12
487,soak,10,,20,100,0,10,1,295,,,,,5,10
488,flame-charge,9,50,20,100,0,10,2,296,100,,,,5,9
489,coil,3,,20,,0,7,1,323,,,,,5,3
490,low-sweep,1,65,20,100,0,10,2,21,100,,,,5,1
491,acid-spray,3,40,20,100,0,10,3,297,100,,,,5,3
492,foul-play,16,95,15,100,0,10,2,298,,,,,5,16
493,simple-beam,0,,15,100,0,10,1,299,,,,,5,0
494,entrainment,0,,15,100,0,10,1,300,,,,,5,0
495,after-you,0,,15,,0,10,1,301,,,,,5,0
496,round,0,60,15,100,0,10,3,302,,,,,5,0
497,echoed-voice,0,40,15,100,0,10,3,303,,,,,5,0
498,chip-away,0,70,20,100,0,10,2,304,,,,,5,0
499,clear-smog,3,50,15,,0,10,3,305,,,,,5,3
500,stored-power,13,20,10,100,0,10,3,306,,,,,5,13
501,quick-guard,1,,15,,3,4,1,307,,,,,5,1
502,ally-switch,13,,15,,2,7,1,308,,,,,5,13
503,scald,10,80,15,100,0,10,3,5,30,,,,5,10
504,shell-smash,0,,15,,0,7,1,309,,,,,5,0
505,heal-pulse,13,,10,,0,10,1,310,,,,,5,13
506,hex,7,65,10,100,0,10,3,311,,,,,5,7
507,sky-drop,2,60,10,100,0,10,2,312,,,,,5,2
508,shift-gear,8,,10,,0,7,1,313,,,,,5,8
509,circle-throw,1,60,10,90,-6,10,2,314,,,,,5,1
510,incinerate,9,60,15,100,0,11,3,315,,,,,5,9
511,quash,16,,15,100,0,10,1,316,,,,,5,16
512,acrobatics,2,55,15,100,0,10,2,318,,,,,5,2
513,reflect-type,0,,15,,0,10,1,319,,,,,5,0
514,retaliate,0,70,5,100,0,10,2,320,,,,,5,0
515,final-gambit,1,,5,100,0,10,3,321,,,,,5,1
516,bestow,0,,15,,0,10,1,324,,,,,5,0
517,inferno,9,100,5,50,0,10,3,5,100,,,,5,9
518,water-pledge,10,80,10,100,0,10,3,325,,,,,5,10
519,fire-pledge,9,80,10,100,0,10,3,326,,,,,5,9
520,grass-pledge,11,80,10,100,0,10,3,327,,,,,5,11
521,volt-switch,12,70,20,100,0,10,3,229,,,,,5,12
522,struggle-bug,6,50,20,100,0,11,3,72,100,,,,5,6
523,bulldoze,4,60,20,100,0,9,2,71,100,,,,5,4
524,frost-breath,14,60,10,90,0,10,3,289,100,,,,5,14
525,dragon-tail,15,60,10,90,-6,10,2,314,,,,,5,15
526,work-up,0,,30,,0,7,1,328,,,,,5,0
527,electroweb,12,55,15,95,0,11,3,21,100,,,,5,12
528,wild-charge,12,90,15,100,0,10,2,49,,,,,5,12
529,drill-run,4,80,10,95,0,10,2,44,,,,,5,4
530,dual-chop,15,40,15,90,0,10,2,45,,,,,5,15
531,heart-stamp,13,60,25,100,0,10,2,32,30,,,,5,13
532,horn-leech,11,75,10,100,0,10,2,4,,,,,5,11
533,sacred-sword,1,90,15,100,0,10,2,304,,,,,5,1
534,razor-shell,10,75,10,95,0,10,2,70,50,,,,5,10
535,heat-crash,9,,10,100,0,10,2,292,,,,,5,9
536,leaf-tornado,11,65,10,90,0,10,3,74,50,,,,5,11
537,steamroller,6,65,20,100,0,10,2,151,30,,,,5,6
538,cotton-guard,11,,10,,0,7,1,329,,,,,5,11
539,night-daze,16,85,10,95,0,10,3,74,40,,,,5,16
540,psystrike,13,100,10,100,0,10,3,283,,,,,5,13
541,tail-slap,0,25,10,85,0,10,2,30,,,,,5,0
542,hurricane,2,110,10,70,0,10,3,334,30,,,,5,2
543,head-charge,0,120,15,100,0,10,2,49,,,,,5,0
544,gear-grind,8,50,15,85,0,10,2,45,,,,,5,8
545,searing-shot,9,100,5,100,0,9,3,5,30,,,,5,9
546,techno-blast,0,120,5,100,0,10,3,269,,,,,5,0
547,relic-song,0,75,10,100,0,11,3,330,10,,,,5,0
548,secret-sword,1,85,10,100,0,10,3,283,,,,,5,1
549,glaciate,14,65,10,95,0,11,3,331,100,,,,5,14
550,bolt-strike,12,130,5,85,0,10,2,7,20,,,,5,12
551,blue-flare,9,130,5,85,0,10,3,5,20,,,,5,9
552,fiery-dance,9,80,10,100,0,10,3,277,50,,,,5,9
553,freeze-shock,14,140,5,90,0,10,2,332,30,,,,5,14
554,ice-burn,14,140,5,90,0,10,3,333,30,,,,5,14
555,snarl,16,55,15,95,0,11,3,72,100,,,,5,16
556,icicle-crash,14,85,10,90,0,10,2,32,30,,,,5,14
557,v-create,9,180,5,95,0,10,2,335,100,,,,5,9
558,fusion-flare,9,100,5,100,0,10,3,336,,,,,5,9
559,fusion-bolt,12,100,5,100,0,10,2,337,,,,,5,12
560,flying-press,1,100,10,95,0,10,2,338,,,,,6,1
561,mat-block,1,,10,,0,4,1,377,,,,,6,1
562,belch,3,120,10,90,0,10,3,339,,,,,6,3
563,rototiller,4,,10,,0,14,1,340,100,,,,6,4
564,sticky-web,6,,20,,0,6,1,341,,,,,6,6
565,fell-stinger,6,50,25,100,0,10,2,342,,,,,6,6
566,phantom-force,7,90,10,100,0,10,2,273,,,,,6,7
567,trick-or-treat,7,,20,100,0,10,1,343,,,,,6,7
568,noble-roar,0,,30,100,0,10,1,344,100,,,,6,0
569,ion-deluge,12,,25,,1,12,1,345,,,,,6,12
570,parabolic-charge,12,65,20,100,0,9,3,346,,,,,6,12
571,forests-curse,11,,20,100,0,10,1,376,,,,,6,11
572,petal-blizzard,11,90,15,100,0,9,2,379,,,,,6,11
573,freeze-dry,14,70,20,100,0,10,3,380,10,,,,6,14
574,disarming-voice,17,40,15,,0,11,3,381,,,,,6,17
575,parting-shot,16,,20,100,0,10,1,347,100,,,,6,16
576,topsy-turvy,16,,20,,0,10,1,348,,,,,6,16
577,draining-kiss,17,50,10,100,0,10,3,349,,,,,6,17
578,crafty-shield,17,,10,,3,4,1,350,,,,,6,17
579,flower-shield,17,,10,,0,14,1,351,100,,,,6,17
580,grassy-terrain,11,,10,,0,12,1,352,,,,,6,11
581,misty-terrain,17,,10,,0,12,1,353,,,,,6,17
582,electrify,12,,20,,0,10,1,354,,,,,6,12
583,play-rough,17,90,10,90,0,10,2,69,10,,,,6,17
584,fairy-wind,17,40,30,100,0,10,3,1,,,,,6,17
585,moonblast,17,95,15,100,0,10,3,72,30,,,,6,17
586,boomburst,0,140,10,100,0,9,3,379,,,,,6,0
587,fairy-lock,17,,10,,0,12,1,355,,,,,6,17
588,kings-shield,8,,10,,4,7,1,356,,,,,6,8
589,play-nice,0,,20,,0,10,1,357,100,,,,6,0
590,confide,0,,20,,0,10,1,358,100,,,,6,0
591,diamond-storm,5,100,5,95,0,11,2,359,50,,,,6,5
592,steam-eruption,10,110,5,95,0,10,3,5,30,,,,6,10
593,hyperspace-hole,13,80,5,,0,10,3,360,,,,,6,13
594,water-shuriken,10,15,20,100,1,10,3,361,,,,,6,10
595,mystical-fire,9,75,10,100,0,10,3,72,100,,,,6,9
596,spiky-shield,11,,10,,4,7,1,362,,,,,6,11
597,aromatic-mist,17,,20,,0,3,1,363,,,,,6,17
598,eerie-impulse,12,,15,100,0,10,1,62,,,,,6,12
599,venom-drench,3,,20,100,0,11,1,364,100,,,,6,3
600,powder,6,,20,100,1,10,1,378,,,,,6,6
601,geomancy,17,,10,,0,7,1,366,,,,,6,17
602,magnetic-flux,12,,20,,0,13,1,367,,,,,6,12
603,happy-hour,0,,30,,0,4,1,368,,,,,6,0
604,electric-terrain,12,,10,,0,12,1,369,,,,,6,12
605,dazzling-gleam,17,80,10,100,0,11,3,1,,,,,6,17
606,celebrate,0,,40,,0,7,1,370,,,,,6,0
607,hold-hands,0,,40,,0,3,1,371,,,,,6,0
608,baby-doll-eyes,17,,30,100,1,10,1,365,,,,,6,17
609,nuzzle,12,20,20,100,0,10,2,372,100,,,,6,12
610,hold-back,0,40,40,100,0,10,2,102,,,,,6,0
611,infestation,6,20,20,100,0,10,3,43,100,,,,6,6
612,power-up-punch,1,40,20,100,0,10,2,375,100,,,,6,1
613,oblivion-wing,2,80,10,100,0,10,3,349,,,,,6,2
614,thousand-arrows,4,90,10,100,0,11,2,373,100,,,,6,4
615,thousand-waves,4,90,10,100,0,11,2,374,,,,,6,4
616,lands-wrath,4,90,10,100,0,11,2,1,,,,,6,4
617,light-of-ruin,17,140,5,90,0,10,3,270,,,,,6,17
618,origin-pulse,10,110,10,85,0,11,3,1,,,,,6,10
619,precipice-blades,4,120,10,85,0,11,2,1,,,,,6,4
620,dragon-ascent,2,120,5,100,0,10,2,230,100,,,,6,2
621,hyperspace-fury,16,100,5,,0,10,2,360,100,,,,6,16
622,breakneck-blitz--physical,0,,1,,0,10,2,1,,,,,7,0
623,breakneck-blitz--special,0,,1,,0,10,3,1,,,,,7,0
624,all-out-pummeling--physical,1,,1,,0,10,2,1,,,,,7,1
625,all-out-pummeling--special,1,,1,,0,10,3,1,,,,,7,1
626,supersonic-skystrike--physical,2,,1,,0,10,2,1,,,,,7,2
627,supersonic-skystrike--special,2,,1,,0,10,3,1,,,,,7,2
628,acid-downpour--physical,3,,1,,0,10,2,1,,,,,7,3
629,acid-downpour--special,3,,1,,0,10,3,1,,,,,7,3
630,tectonic-rage--physical,4,,1,,0,10,2,1,,,,,7,4
631,tectonic-rage--special,4,,1,,0,10,3,1,,,,,7,4
632,continental-crush--physical,5,,1,,0,10,2,1,,,,,7,5
633,continental-crush--special,5,,1,,0,10,3,1,,,,,7,5
634,savage-spin-out--physical,6,,1,,0,10,2,1,,,,,7,6
635,savage-spin-out--special,6,,1,,0,10,3,1,,,,,7,6
636,never-ending-nightmare--physical,7,,1,,0,10,2,1,,,,,7,7
637,never-ending-nightmare--special,7,,1,,0,10,3,1,,,,,7,7
638,corkscrew-crash--physical,8,,1,,0,10,2,1,,,,,7,8
639,corkscrew-crash--special,8,,1,,0,10,3,1,,,,,7,8
640,inferno-overdrive--physical,9,,1,,0,10,2,1,,,,,7,9
641,inferno-overdrive--special,9,,1,,0,10,3,1,,,,,7,9
642,hydro-vortex--physical,10,,1,,0,10,2,1,,,,,7,10
643,hydro-vortex--special,10,,1,,0,10,3,1,,,,,7,10
644,bloom-doom--physical,11,,1,,0,10,2,1,,,,,7,11
645,bloom-doom--special,11,,1,,0,10,3,1,,,,,7,11
646,gigavolt-havoc--physical,12,,1,,0,10,2,1,,,,,7,12
647,gigavolt-havoc--special,12,,1,,0,10,3,1,,,,,7,12
648,shattered-psyche--physical,13,,1,,0,10,2,1,,,,,7,13
649,shattered-psyche--special,13,,1,,0,10,3,1,,,,,7,13
650,subzero-slammer--physical,14,,1,,0,10,2,1,,,,,7,14
651,subzero-slammer--special,14,,1,,0,10,3,1,,,,,7,14
652,devastating-drake--physical,15,,1,,0,10,2,1,,,,,7,15
653,devastating-drake--special,15,,1,,0,10,3,1,,,,,7,15
654,black-hole-eclipse--physical,16,,1,,0,10,2,1,,,,,7,16
655,black-hole-eclipse--special,16,,1,,0,10,3,1,,,,,7,16
656,twinkle-tackle--physical,17,,1,,0,10,2,1,,,,,7,17
657,twinkle-tackle--special,17,,1,,0,10,3,1,,,,,7,17
658,catastropika,12,210,1,,0,10,2,1,,,,,7,12
659,shore-up,4,,10,,0,7,1,382,,,,,7,4
660,first-impression,6,90,10,100,2,10,2,383,,,,,7,6
661,baneful-bunker,3,,10,,4,7,1,384,,,,,7,3
662,spirit-shackle,7,80,10,100,0,10,2,385,,,,,7,7
663,darkest-lariat,16,85,10,100,0,10,2,304,,,,,7,16
664,sparkling-aria,10,90,10,100,0,9,3,386,,,,,7,10
665,ice-hammer,14,100,10,90,0,10,2,219,100,,,,7,14
666,floral-healing,17,,10,,0,10,1,387,,,,,7,17
667,high-horsepower,4,95,10,95,0,10,2,1,,,,,7,4
668,strength-sap,11,,10,100,0,10,1,388,100,,,,7,11
669,solar-blade,11,125,10,100,0,10,2,152,,,,,7,11
670,leafage,11,40,40,100,0,10,2,1,,,,,7,11
671,spotlight,0,,15,,3,10,1,389,,,,,7,0
672,toxic-thread,3,,20,100,0,10,1,390,100,,,,7,3
673,laser-focus,0,,30,,0,7,1,391,,,,,7,0
674,gear-up,8,,20,,0,13,1,392,,,,,7,8
675,throat-chop,16,80,15,100,0,10,2,393,100,,,,7,16
676,pollen-puff,6,90,15,100,0,10,3,394,,,,,7,6
677,anchor-shot,8,80,20,100,0,10,2,385,,,,,7,8
678,psychic-terrain,13,,10,,0,12,1,395,,,,,7,13
679,lunge,6,80,15,100,0,10,2,396,100,,,,7,6
680,fire-lash,9,80,15,100,0,10,2,397,100,,,,7,9
681,power-trip,16,20,10,100,0,10,2,306,,,,,7,16
682,burn-up,9,130,5,100,0,10,3,398,,,,,7,9
683,speed-swap,13,,10,,0,10,1,399,,,,,7,13
684,smart-strike,8,70,10,,0,10,2,18,,,,,7,8
685,purify,3,,20,,0,10,1,400,,,,,7,3
686,revelation-dance,0,90,15,100,0,10,3,401,,,,,7,0
687,core-enforcer,15,100,10,100,0,11,3,402,,,,,7,15
688,trop-kick,11,70,15,100,0,10,2,396,100,,,,7,11
689,instruct,13,,15,,0,10,1,403,,,,,7,13
690,beak-blast,2,100,15,100,-3,10,2,404,,,,,7,2
691,clanging-scales,15,110,5,100,0,11,3,405,100,,,,7,15
692,dragon-hammer,15,90,15,100,0,10,2,1,,,,,7,15
693,brutal-swing,16,60,20,100,0,9,2,406,,,,,7,16
694,aurora-veil,14,,20,,0,4,1,407,,,,,7,14
695,sinister-arrow-raid,7,180,1,,0,10,2,1,,,,,7,7
696,malicious-moonsault,16,180,1,,0,10,2,1,,,,,7,16
697,oceanic-operetta,10,195,1,,0,10,3,1,,,,,7,10
698,guardian-of-alola,17,,1,,0,10,3,413,,,,,7,17
699,soul-stealing-7-star-strike,7,195,1,,0,10,2,1,,,,,7,7
700,stoked-sparksurfer,12,175,1,,0,10,3,7,100,,,,7,12
701,pulverizing-pancake,0,210,1,,0,10,2,1,,,,,7,0
702,extreme-evoboost,0,,1,,0,7,1,414,100,,,,7,0
703,genesis-supernova,13,185,1,,0,10,3,415,,,,,7,13
704,shell-trap,9,150,5,100,-3,11,3,408,,,,,7,9
705,fleur-cannon,17,130,5,90,0,10,3,205,100,,,,7,17
706,psychic-fangs,13,85,10,100,0,10,2,187,,,,,7,13
707,stomping-tantrum,4,75,10,100,0,10,2,409,,,,,7,4
708,shadow-bone,7,85,10,100,0,10,2,70,20,,,,7,7
709,accelerock,5,40,20,100,1,10,2,104,,,,,7,5
710,liquidation,10,85,10,100,0,10,2,70,20,,,,7,10
711,prismatic-laser,13,160,10,100,0,10,3,81,,,,,7,13
712,spectral-thief,7,90,10,100,0,10,2,410,,,,,7,7
713,sunsteel-strike,8,100,5,100,0,10,2,411,,,,,7,8
714,moongeist-beam,7,100,5,100,0,10,3,411,,,,,7,7
715,tearful-look,0,,20,,0,10,1,412,100,,,,7,0
716,zing-zap,12,80,10,100,0,10,2,32,30,,,,7,12
717,natures-madness,17,,10,90,0,10,3,41,,,,,7,17
718,multi-attack,0,90,10,100,0,10,2,269,,,,,7,0
719,10-000-000-volt-thunderbolt,12,195,1,,0,10,3,1,,,,,7,12
720,mind-blown,9,150,5,100,0,9,3,420,,,,,7,9
721,plasma-fists,12,100,15,100,0,10,2,1,,,,,7,12
722,photon-geyser,13,100,5,100,0,10,3,1,,,,,7,13
723,light-that-burns-the-sky,13,200,1,,0,10,3,416,,,,,7,13
724,searing-sunraze-smash,8,200,1,,0,10,2,411,,,,,7,8
725,menacing-moonraze-maelstrom,7,200,1,,0,10,3,411,,,,,7,7
726,lets-snuggle-forever,17,190,1,,0,10,2,417,,,,,7,17
727,splintered-stormshards,5,190,1,,0,10,2,418,,,,,7,5
728,clangorous-soulblaze,15,185,1,,0,11,3,419,100,,,,7,15
10001,shadow-rush,10001,55,,100,0,10,2,10001,,,,,3,10001
10002,shadow-blast,10001,80,,100,0,10,2,44,,,,,3,10001
10003,shadow-blitz,10001,40,,100,0,10,2,1,,,,,3,10001
10004,shadow-bolt,10001,75,,100,0,10,3,7,10,,,,3,10001
10005,shadow-break,10001,75,,100,0,10,2,1,,,,,3,10001
10006,shadow-chill,10001,75,,100,0,10,3,6,10,,,,3,10001
10007,shadow-end,10001,120,,60,0,10,2,10002,,,,,3,10001
10008,shadow-fire,10001,75,,100,0,10,3,5,10,,,,3,10001
10009,shadow-rave,10001,70,,100,0,6,3,1,,,,,3,10001
10010,shadow-storm,10001,95,,100,0,6,3,1,,,,,3,10001
10011,shadow-wave,10001,50,,100,0,6,3,1,,,,,3,10001
10012,shadow-down,10001,,,100,0,6,1,60,,,,,3,10001
10013,shadow-half,10001,,,100,0,12,3,10003,,,,,3,10001
10014,shadow-hold,10001,,,,0,6,1,107,,,,,3,10001
10015,shadow-mist,10001,,,100,0,6,1,10004,,,,,3,10001
10016,shadow-panic,10001,,,90,0,6,1,50,,,,,3,10001
10017,shadow-shed,10001,,,,0,12,1,10005,,,,,3,10001
10018,shadow-sky,10001,,,,0,12,1,10006,,,,,3,10001